{
  "mode": "Y",
  "device": "cpu",
  "splits": {
    "train": 5897,
    "val": 1263,
    "test": 1265
  },
  "arch": "paper_exact",
  "training": {
    "batch_size": 64,
    "epochs": 25,
    "lr": 0.001,
    "patience": 5
  },
  "best_val_mse": 0.0026020276775363884,
  "val": {
    "rmse": 0.05101007595658302,
    "rmse_by_horizon": [
      0.05143553763628006,
      0.0508575402200222,
      0.05146627128124237,
      0.05068123713135719,
      0.050612546503543854,
      0.050377365201711655,
      0.05053900182247162,
      0.050622183829545975,
      0.050564177334308624,
      0.050642650574445724,
      0.05130704864859581,
      0.050910402089357376,
      0.050595395267009735,
      0.05123598128557205,
      0.05098673701286316,
      0.05090511962771416,
      0.05068564414978027,
      0.05101226642727852,
      0.050594229251146317,
      0.05155642703175545,
      0.051367565989494324,
      0.05085445195436478,
      0.05178272724151611,
      0.05259102210402489
    ]
  },
  "test": {
    "rmse": 0.07826562970876694,
    "rmse_by_horizon": [
      0.07232652604579926,
      0.07269442826509476,
      0.07425959408283234,
      0.07532025128602982,
      0.07633253931999207,
      0.07727999985218048,
      0.0778503566980362,
      0.07788186520338058,
      0.07841211557388306,
      0.07984723895788193,
      0.0796472430229187,
      0.07949106395244598,
      0.07995910942554474,
      0.08031769096851349,
      0.07839784026145935,
      0.0788767859339714,
      0.07961181551218033,
      0.07955329865217209,
      0.0788273885846138,
      0.08027319610118866,
      0.08012799918651581,
      0.07967871427536011,
      0.08024261146783829,
      0.08032917231321335
    ]
  },
  "persistence_test": {
    "rmse": 0.12983332574367523,
    "rmse_by_horizon": [
      0.0814606249332428,
      0.0986805334687233,
      0.11178485304117203,
      0.12262862175703049,
      0.12914171814918518,
      0.1335241049528122,
      0.13904088735580444,
      0.14105969667434692,
      0.1439756155014038,
      0.14646264910697937,
      0.1481066644191742,
      0.1490224450826645,
      0.14799998700618744,
      0.14707878232002258,
      0.14541862905025482,
      0.14418359100818634,
      0.14269797503948212,
      0.13743360340595245,
      0.13365797698497772,
      0.12636813521385193,
      0.11709190160036087,
      0.10661109536886215,
      0.0981878861784935,
      0.08555840700864792
    ]
  }
}