{
  "mode": "X",
  "model": "lstm",
  "arch": "paper_arch",
  "device": "mps",
  "splits": {
    "train": 5897,
    "val": 1263,
    "test": 1265
  },
  "training": {
    "batch_size": 16,
    "epochs": 2,
    "lr": 0.001,
    "patience": 5,
    "num_workers": 0
  },
  "best_val_mse": 0.00578846206692411,
  "val": {
    "rmse": 0.07608194158289729,
    "rmse_by_horizon": [
      0.06882242159243487,
      0.06953227154145765,
      0.07033781290284342,
      0.07167212788091727,
      0.07233733316997915,
      0.0740059497325422,
      0.07496657861428162,
      0.07420431266561577,
      0.07448795651291273,
      0.07556458592387358,
      0.07505798017468808,
      0.07689242894548844,
      0.07804160009057062,
      0.07721577478159014,
      0.07813130870485589,
      0.0777969177799253,
      0.07755703626571205,
      0.07828930964177447,
      0.07785731876482692,
      0.07872099671959966,
      0.07919585936453516,
      0.08049403618352277,
      0.08120372942297029,
      0.08166429822645378
    ]
  },
  "test": {
    "rmse": 0.08399792677084524,
    "rmse_by_horizon": [
      0.07688420759993775,
      0.08217641050897492,
      0.08513056449571837,
      0.08640428042590671,
      0.08741958247235118,
      0.08692388415436493,
      0.08653401867983318,
      0.086207092841584,
      0.08280207747872989,
      0.08131596118629078,
      0.08097009475524743,
      0.08080490169904617,
      0.0824655169797498,
      0.08454757245786212,
      0.0857771989775587,
      0.0865819462469107,
      0.08757572005335246,
      0.08488106123889577,
      0.08264832009672016,
      0.08179235867406508,
      0.08296771610141013,
      0.08427483225213382,
      0.08403196982744489,
      0.0839134688107027
    ]
  }
}