{
  "mode": "X",
  "model": "transformer",
  "arch": "tfm_d256_h8_l4_ff512",
  "device": "mps",
  "splits": {
    "train": 5897,
    "val": 1263,
    "test": 1265
  },
  "training": {
    "batch_size": 16,
    "epochs": 3,
    "lr": 0.001,
    "patience": 5,
    "num_workers": 0
  },
  "best_val_mse": 0.005964206518002167,
  "val": {
    "rmse": NaN,
    "rmse_by_horizon": [
      NaN,
      NaN,
      NaN,
      NaN,
      NaN,
      NaN,
      NaN,
      NaN,
      NaN,
      NaN,
      NaN,
      NaN,
      NaN,
      NaN,
      NaN,
      NaN,
      NaN,
      NaN,
      NaN,
      NaN,
      NaN,
      NaN,
      NaN,
      NaN
    ]
  },
  "test": {
    "rmse": 0.10845914483070374,
    "rmse_by_horizon": [
      0.0951308086514473,
      0.09886323660612106,
      0.10222209990024567,
      0.10479693114757538,
      0.10563517361879349,
      0.10671531409025192,
      0.10603869706392288,
      0.10637311637401581,
      0.10887590050697327,
      0.11175905168056488,
      0.11229944229125977,
      0.11350501328706741,
      0.11341670900583267,
      0.11763947457075119,
      0.11706210672855377,
      0.11632250994443893,
      0.11374056339263916,
      0.10990896821022034,
      0.10975468903779984,
      0.10841517150402069,
      0.1083349883556366,
      0.10630211234092712,
      0.10551272332668304,
      0.10098238289356232
    ]
  }
}