{
  "mode": "Y",
  "model": "transformer",
  "arch": "tfm_d256_h8_l4_ff512",
  "device": "mps",
  "splits": {
    "train": 5897,
    "val": 1263,
    "test": 1265
  },
  "training": {
    "batch_size": 64,
    "epochs": 25,
    "lr": 0.001,
    "patience": 5
  },
  "best_val_mse": 0.0026669921618919473,
  "val": {
    "rmse": 0.05164292827248573,
    "rmse_by_horizon": [
      0.05137305334210396,
      0.05015745386481285,
      0.05030161514878273,
      0.05033442750573158,
      0.04934646189212799,
      0.04992673918604851,
      0.05058350786566734,
      0.05110430717468262,
      0.051744867116212845,
      0.05151529982686043,
      0.052072182297706604,
      0.05167028680443764,
      0.05163190886378288,
      0.051339540630578995,
      0.051952142268419266,
      0.0523795448243618,
      0.05266811326146126,
      0.05254178121685982,
      0.0521809421479702,
      0.052696309983730316,
      0.05255044624209404,
      0.05220790207386017,
      0.052968647330999374,
      0.05391479283571243
    ]
  },
  "test": {
    "rmse": 0.07195626199245453,
    "rmse_by_horizon": [
      0.06702987849712372,
      0.06884226202964783,
      0.06938307732343674,
      0.06990887969732285,
      0.0707223191857338,
      0.07106634229421616,
      0.0706140398979187,
      0.0717921033501625,
      0.07375254482030869,
      0.07590384036302567,
      0.07412482798099518,
      0.07268858700990677,
      0.07158993184566498,
      0.07144489139318466,
      0.0703359991312027,
      0.07140759378671646,
      0.07081122696399689,
      0.0708029642701149,
      0.07289577275514603,
      0.0726812481880188,
      0.07448513805866241,
      0.07461539655923843,
      0.07507026195526123,
      0.07422614097595215
    ]
  }
}