{
  "mode": "XY",
  "model": "transformer",
  "arch": "tfm_d256_h8_l4_ff512",
  "device": "mps",
  "splits": {
    "train": 5897,
    "val": 1263,
    "test": 1265
  },
  "training": {
    "batch_size": 64,
    "epochs": 25,
    "lr": 0.001,
    "patience": 5
  },
  "best_val_mse": 0.0027233025972360505,
  "val": {
    "rmse": 0.05218527093529701,
    "rmse_by_horizon": [
      0.05094197019934654,
      0.05039568990468979,
      0.05103760212659836,
      0.05266072601079941,
      0.05273544043302536,
      0.052352678030729294,
      0.05134968087077141,
      0.05133096128702164,
      0.05079852044582367,
      0.05067790672183037,
      0.051335256546735764,
      0.05086245760321617,
      0.05210060626268387,
      0.05175984650850296,
      0.05132041499018669,
      0.05209023132920265,
      0.05221668630838394,
      0.052456047385931015,
      0.0528097078204155,
      0.054017048329114914,
      0.05444585904479027,
      0.05376613140106201,
      0.0540810152888298,
      0.054556190967559814
    ]
  },
  "test": {
    "rmse": 0.07237261533737183,
    "rmse_by_horizon": [
      0.06687711924314499,
      0.06796755641698837,
      0.06967945396900177,
      0.07091043889522552,
      0.07253522425889969,
      0.0730758085846901,
      0.07221866399049759,
      0.07317181676626205,
      0.07427806407213211,
      0.07258819043636322,
      0.07108215242624283,
      0.07063206285238266,
      0.06950575113296509,
      0.06970086693763733,
      0.0719379261136055,
      0.07178652286529541,
      0.07394726574420929,
      0.07497357577085495,
      0.07740261405706406,
      0.07824376225471497,
      0.07680925726890564,
      0.07535085082054138,
      0.0719500258564949,
      0.06897954642772675
    ]
  }
}