{
  "mode": "XY",
  "device": "cpu",
  "splits": {
    "train": 5897,
    "val": 1263,
    "test": 1265
  },
  "arch": "paper_exact",
  "training": {
    "batch_size": 64,
    "epochs": 25,
    "lr": 0.001,
    "patience": 5
  },
  "best_val_mse": 0.0022759847354028827,
  "val": {
    "rmse": 0.04770728200674057,
    "rmse_by_horizon": [
      0.04699621722102165,
      0.04645657166838646,
      0.04729621112346649,
      0.04700067266821861,
      0.04681146889925003,
      0.04699262976646423,
      0.04719632863998413,
      0.04642506688833237,
      0.04603658244013786,
      0.04729686677455902,
      0.04731074720621109,
      0.04821436107158661,
      0.04890304431319237,
      0.04820695519447327,
      0.047658771276474,
      0.047718167304992676,
      0.04753402993083,
      0.047861527651548386,
      0.04825586825609207,
      0.04833153635263443,
      0.04845514893531799,
      0.0485440157353878,
      0.04909913241863251,
      0.05015340819954872
    ]
  },
  "test": {
    "rmse": 0.08129937201738358,
    "rmse_by_horizon": [
      0.07185351103544235,
      0.07470539212226868,
      0.07734183967113495,
      0.07789904624223709,
      0.07865166664123535,
      0.0787440612912178,
      0.08041208982467651,
      0.08036787807941437,
      0.08046135306358337,
      0.08179251104593277,
      0.08251924067735672,
      0.08338554203510284,
      0.08491772413253784,
      0.084571972489357,
      0.08340102434158325,
      0.08201548457145691,
      0.0812305212020874,
      0.08294802904129028,
      0.08362644165754318,
      0.08141043782234192,
      0.08144081383943558,
      0.08338567614555359,
      0.08538307249546051,
      0.08704165369272232
    ]
  },
  "persistence_test": {
    "rmse": 0.12983332574367523,
    "rmse_by_horizon": [
      0.0814606249332428,
      0.0986805334687233,
      0.11178485304117203,
      0.12262862175703049,
      0.12914171814918518,
      0.1335241049528122,
      0.13904088735580444,
      0.14105969667434692,
      0.1439756155014038,
      0.14646264910697937,
      0.1481066644191742,
      0.1490224450826645,
      0.14799998700618744,
      0.14707878232002258,
      0.14541862905025482,
      0.14418359100818634,
      0.14269797503948212,
      0.13743360340595245,
      0.13365797698497772,
      0.12636813521385193,
      0.11709190160036087,
      0.10661109536886215,
      0.0981878861784935,
      0.08555840700864792
    ]
  }
}